{
    "nodes": {
        "oanda-AUD/USD-close": {
            "1584723846000.0": 0.58203,
            "1584723850000.0": 0.58201,
            "1584723906000.0": 0.58195,
            "1584723911000.0": 0.58198
        },
        "oanda-BCO/USD-close": {
            "1584723846000.0": 28.926,
            "1584723850000.0": 28.85,
            "1584723906000.0": 28.895,
            "1584723911000.0": 28.88
        },
        "oanda-CN50/USD-close": {
            "1584723846000.0": 12099.5,
            "1584723850000.0": 12095.7,
            "1584723906000.0": 12097.0,
            "1584723911000.0": 12096.3
        },
        "oanda-CORN/USD-close": {
            "1584723846000.0": 3.398,
            "1584723850000.0": 3.397,
            "1584723906000.0": 3.397,
            "1584723911000.0": 3.397
        },
        "oanda-EUR/USD-close": {
            "1584723846000.0": 1.06596,
            "1584723850000.0": 1.06601,
            "1584723906000.0": 1.06601,
            "1584723911000.0": 1.06588
        },
        "oanda-GBP/USD-close": {
            "1584723846000.0": 1.17186,
            "1584723850000.0": 1.17176,
            "1584723906000.0": 1.17173,
            "1584723911000.0": 1.17158
        },
        "oanda-NAS100/USD-close": {
            "1584723846000.0": 7292.2,
            "1584723850000.0": 7288.7,
            "1584723906000.0": 7284.2,
            "1584723911000.0": 7282.2
        },
        "oanda-NATGAS/USD-close": {
            "1584723846000.0": 1.638,
            "1584723850000.0": 1.638,
            "1584723906000.0": 1.637,
            "1584723911000.0": 1.637
        },
        "oanda-NZD/USD-close": {
            "1584723846000.0": 0.57152,
            "1584723850000.0": 0.57152,
            "1584723906000.0": 0.571,
            "1584723911000.0": 0.57102
        },
        "oanda-SPX500/USD-close": {
            "1584723846000.0": 2391.3,
            "1584723850000.0": 2390.0,
            "1584723906000.0": 2387.5,
            "1584723911000.0": 2386.5
        },
        "oanda-SUGAR/USD-close": {
            "1584723846000.0": 0.11096,
            "1584723850000.0": 0.11096,
            "1584723906000.0": 0.11096,
            "1584723911000.0": 0.11096
        },
        "oanda-USB02Y/USD-close": {
            "1584723846000.0": 109.832,
            "1584723850000.0": 109.832,
            "1584723906000.0": 109.832,
            "1584723911000.0": 109.832
        },
        "oanda-USB05Y/USD-close": {
            "1584723846000.0": 124.284,
            "1584723850000.0": 124.284,
            "1584723906000.0": 124.299,
            "1584723911000.0": 124.299
        },
        "oanda-USB10Y/USD-close": {
            "1584723846000.0": 136.714,
            "1584723850000.0": 136.714,
            "1584723906000.0": 136.73,
            "1584723911000.0": 136.745
        },
        "oanda-USB30Y/USD-close": {
            "1584723846000.0": 173.724,
            "1584723850000.0": 173.724,
            "1584723906000.0": 173.724,
            "1584723911000.0": 173.724
        },
        "oanda-USD/CAD-close": {
            "1584723846000.0": 1.435,
            "1584723850000.0": 1.43503,
            "1584723906000.0": 1.43544,
            "1584723911000.0": 1.43545
        },
        "oanda-USD/CNH-close": {
            "1584723846000.0": 7.13333,
            "1584723850000.0": 7.13351,
            "1584723906000.0": 7.13358,
            "1584723911000.0": 7.13356
        },
        "oanda-USD/HKD-close": {
            "1584723846000.0": 7.75607,
            "1584723850000.0": 7.75615,
            "1584723906000.0": 7.75606,
            "1584723911000.0": 7.75608
        },
        "oanda-USD/JPY-close": {
            "1584723846000.0": 111.473,
            "1584723850000.0": 111.472,
            "1584723906000.0": 111.466,
            "1584723911000.0": 111.469
        },
        "oanda-USD/SAR-close": {
            "1584723846000.0": 3.76101,
            "1584723850000.0": 3.76101,
            "1584723906000.0": 3.76101,
            "1584723911000.0": 3.76101
        },
        "oanda-USD/SGD-close": {
            "1584723846000.0": 1.45395,
            "1584723850000.0": 1.45395,
            "1584723906000.0": 1.45382,
            "1584723911000.0": 1.45383
        },
        "oanda-WHEAT/USD-close": {
            "1584723846000.0": 5.408,
            "1584723850000.0": 5.408,
            "1584723906000.0": 5.418,
            "1584723911000.0": 5.418
        },
        "oanda-WTICO/USD-close": {
            "1584723846000.0": 25.361,
            "1584723850000.0": 25.277,
            "1584723906000.0": 25.255,
            "1584723911000.0": 25.239
        },
        "oanda-XAG/USD-close": {
            "1584723846000.0": 12.53343,
            "1584723850000.0": 12.5263,
            "1584723906000.0": 12.52738,
            "1584723911000.0": 12.52738
        },
        "oanda-XAU/USD-close": {
            "1584723846000.0": 1485.896,
            "1584723850000.0": 1485.556,
            "1584723906000.0": 1484.755,
            "1584723911000.0": 1484.92
        },
        "oanda-XCU/USD-close": {
            "1584723846000.0": 2.16443,
            "1584723850000.0": 2.16443,
            "1584723906000.0": 2.16394,
            "1584723911000.0": 2.16394
        },
        "oanda-XPD/USD-close": {
            "1584723846000.0": 1666.55,
            "1584723850000.0": 1666.55,
            "1584723906000.0": 1666.55,
            "1584723911000.0": 1666.55
        },
        "oanda-XPT/USD-close": {
            "1584723846000.0": 624.148,
            "1584723850000.0": 622.75,
            "1584723906000.0": 624.538,
            "1584723911000.0": 624.451
        }
    },
    "meta": {
        "mode": 1,
        "qry": "xwhaot"
    }
}